Horodateur,Matricule,20/06 AM,20/06 PM,21/06 AM,21/06 PM,22/06 AM,22/06 PM,23/06 AM,23/06 PM,24/06 AM,24/06 PM,25/06 AM,25/06 PM,27/06 AM,27/06 PM,28/06 AM,28/06 PM,29/06 AM,29/06 PM,30/06 AM,30/06 PM,01/07 AM,01/07 PM,02/07 AM,02/07 PM
02/04/2022 15:32:35,397111,3,3,3,3,3,3,3,3,3,3,3,3,10,10,10,10,10,10,10,10,10,10,10,10
24/03/2022 16:06:56,414510,1,1,1,1,1,1,10,6,1,1,1,1,1,1,1,1,1,1,1,1,1,1,1,1
07/04/2022 02:13:22,429726,7,10,7,10,7,10,7,10,7,10,7,10,4,6,4,6,4,6,4,6,4,6,4,6
24/04/2022 12:04:02,440982,1,1,1,1,1,1,1,1,1,1,2,2,6,6,8,8,10,10,10,10,10,10,10,10
05/04/2022 17:15:47,445382,1,1,1,1,1,1,1,1,1,1,3,3,5,5,7,7,8,8,9,9,10,10,10,10
24/03/2022 21:23:16,454970,1,1,1,1,1,1,1,1,1,10,1,1,1,1,1,1,1,10,1,7,1,7,1,6
01/04/2022 13:44:49,459800,1,1,1,1,1,1,1,1,1,1,10,5,10,10,10,10,10,10,5,5,1,1,1,1
19/04/2022 18:28:22,471298,1,1,1,1,1,1,1,1,1,1,1,10,10,10,1,1,1,1,1,1,1,1,1,1
24/03/2022 16:47:43,474537,1,1,1,1,1,1,1,1,3,3,4,4,6,6,8,8,8,9,9,9,10,10,10,10
20/04/2022 14:08:07,474709,8,10,8,10,8,10,8,10,7,8,6,7,5,4,1,1,1,1,1,1,1,1,1,1
25/03/2022 21:26:29,475620,1,1,1,1,1,1,1,1,1,1,2,2,3,4,5,5,7,6,8,8,9,9,10,10
05/04/2022 16:55:32,475674,2,2,1,1,1,1,2,1,1,1,7,7,10,10,10,10,10,10,10,10,10,7,7,7
04/04/2022 18:29:20,480843,1,1,1,1,1,1,1,1,7,7,7,7,7,7,9,9,7,7,6,6,8,8,8,8
24/03/2022 16:10:03,481652,10,10,10,10,9,9,8,8,5,5,1,1,1,1,1,1,1,1,1,1,1,1,1,1
24/03/2022 16:07:51,489196,10,10,10,10,10,10,10,10,10,10,10,10,1,1,1,1,1,1,1,1,1,1,1,1
24/03/2022 16:08:21,489755,10,10,10,10,9,9,1,1,1,1,1,1,1,1,1,1,1,1,1,1,1,1,1,1
22/04/2022 00:33:39,490418,3,3,3,3,3,3,3,3,6,4,5,5,6,3,5,9,9,9,10,9,9,10,9,9
04/04/2022 11:45:10,492914,1,1,1,1,2,2,3,3,4,4,7,8,7,10,7,8,1,1,1,1,1,1,1,1
04/04/2022 11:57:44,493194,1,1,1,1,1,1,1,1,10,10,10,10,5,5,5,5,2,2,2,2,1,1,1,1
24/03/2022 16:28:47,493195,7,7,1,1,3,6,10,10,10,10,10,10,1,1,1,1,1,1,1,1,1,1,1,1
24/03/2022 20:39:00,493243,1,1,1,1,1,1,1,1,1,1,1,1,10,10,10,10,10,10,10,10,2,2,2,2
24/03/2022 15:45:59,493416,1,1,1,1,1,4,10,8,5,3,1,1,1,1,1,1,1,1,1,1,1,1,1,1
24/03/2022 16:44:21,493677,10,10,5,5,5,5,1,1,1,1,1,1,1,1,1,1,1,1,1,1,1,1,1,1
24/03/2022 16:04:44,493710,1,1,1,1,1,1,2,4,1,5,4,10,6,10,6,10,9,10,9,10,9,10,9,10
24/03/2022 23:46:01,493853,1,1,1,1,1,1,6,6,10,10,8,8,8,8,8,8,6,6,4,4,4,4,3,3
24/03/2022 20:40:26,493871,2,2,1,1,6,6,10,10,10,10,10,10,5,5,1,1,1,1,1,1,1,1,1,1
22/04/2022 03:47:05,493929,1,1,1,1,1,1,1,1,1,1,10,10,10,10,1,1,1,1,1,1,1,1,1,1
21/04/2022 22:51:17,494595,1,5,1,6,1,6,2,7,2,10,5,10,4,7,3,6,4,5,3,5,2,4,1,1
26/03/2022 16:11:36,494704,10,10,10,10,10,10,1,1,1,1,1,1,10,10,10,10,10,10,10,10,1,1,1,1
24/03/2022 17:08:52,494732,1,1,1,1,1,1,1,6,3,10,2,7,1,1,1,1,1,1,1,1,1,1,1,1
29/03/2022 20:16:01,494745,1,1,1,1,1,3,3,6,5,4,1,1,1,1,1,1,2,3,3,6,9,10,10,10
30/03/2022 14:08:39,495094,1,1,1,1,1,1,1,1,1,1,1,10,1,1,1,1,1,1,1,1,1,1,1,1
27/03/2022 16:35:52,495529,1,1,1,1,2,3,3,3,5,5,7,8,10,10,10,10,10,10,8,8,8,8,8,8
24/03/2022 19:42:38,495574,5,5,5,5,5,5,5,5,10,10,10,5,5,5,5,5,5,5,5,5,5,5,5,5
25/04/2022 14:11:16,497560,7,7,7,7,7,7,7,7,7,7,7,7,7,7,7,7,7,7,7,7,7,7,7,7
25/03/2022 12:20:19,498312,7,10,7,10,7,10,7,10,7,10,1,1,1,1,1,1,1,1,1,1,1,1,1,1
02/04/2022 13:17:14,498381,9,9,7,1,8,8,8,1,1,7,9,9,8,1,6,6,7,7,7,7,7,7,2,2
29/03/2022 11:08:09,498630,10,10,10,10,7,7,1,1,1,1,1,1,1,1,1,1,1,1,1,1,1,1,1,1
26/03/2022 00:24:19,499350,9,2,9,2,9,2,9,2,9,2,9,2,9,2,9,2,9,2,9,2,10,3,10,3
04/04/2022 19:40:33,499353,10,3,10,3,10,3,10,3,10,3,10,2,10,3,10,3,10,3,10,3,10,3,10,3
24/03/2022 16:20:30,499846,1,1,1,1,1,1,4,2,10,4,5,2,5,2,5,2,6,2,5,2,4,2,4,1
01/04/2022 12:34:32,499847,10,10,10,10,10,10,7,7,5,5,2,2,1,1,1,1,1,1,1,1,1,1,1,1
22/04/2022 15:03:44,499848,10,1,5,1,10,6,10,6,10,2,10,4,10,4,10,4,10,4,10,4,10,4,10,4
24/03/2022 16:04:34,500023,1,1,1,1,1,1,1,1,1,1,1,1,1,1,1,10,1,10,1,10,1,10,1,10
29/03/2022 19:35:31,500196,1,1,1,1,1,1,1,1,1,1,4,1,5,1,5,1,8,1,8,1,1,1,5,1
24/03/2022 15:42:53,500899,7,1,1,1,8,7,8,6,5,1,1,1,1,1,1,1,1,1,1,1,1,1,1,1
24/03/2022 18:48:37,502703,1,1,1,1,1,1,1,1,1,1,5,5,10,10,10,10,1,1,1,1,1,1,1,1
07/04/2022 13:11:34,507035,10,10,5,5,5,5,5,5,3,3,1,1,1,1,1,1,1,1,1,1,1,1,1,1
25/03/2022 09:16:50,507501,1,1,1,1,1,1,5,10,8,8,1,1,3,3,4,4,3,3,5,5,1,1,1,1
24/03/2022 17:47:58,509412,1,1,1,1,8,8,10,10,10,10,8,8,1,1,1,1,1,1,1,1,1,1,1,1
03/04/2022 17:36:47,509703,10,1,10,1,10,1,10,1,10,1,10,1,10,1,10,1,10,1,10,1,10,1,10,1
24/04/2022 20:37:14,512406,10,10,10,10,5,5,5,5,1,1,1,1,1,1,1,1,1,1,1,1,1,1,1,1
24/03/2022 22:15:43,512823,7,10,8,10,6,8,4,5,3,4,2,3,1,2,1,2,1,2,1,2,1,2,1,2
21/04/2022 21:29:19,512823,1,5,5,8,5,10,5,9,5,6,5,6,6,1,1,1,1,1,1,1,1,1,1,1
22/04/2022 19:23:37,512824,1,1,1,1,1,1,1,1,4,4,10,10,10,10,10,10,2,2,1,1,1,1,1,1
24/03/2022 16:03:01,512832,1,1,1,1,1,1,1,1,1,6,1,10,1,9,1,5,1,1,1,1,1,1,1,1
21/04/2022 21:42:50,512833,6,6,6,6,6,6,6,6,6,6,6,6,9,9,9,9,9,9,9,9,9,9,9,9
27/03/2022 14:41:36,512862,1,1,1,1,1,1,1,3,10,10,10,10,4,4,2,2,2,2,1,1,1,1,1,1
24/03/2022 19:41:23,512863,1,1,1,1,1,1,1,1,10,10,10,10,10,10,5,5,5,6,5,5,5,6,5,5
24/03/2022 21:30:55,512886,10,9,10,9,10,8,10,9,10,9,10,9,10,9,10,9,10,9,10,9,10,9,10,9
31/03/2022 18:49:40,512948,1,1,1,1,1,1,1,1,1,1,1,1,1,1,1,1,1,5,1,5,1,10,1,10
21/04/2022 22:16:11,512957,1,1,1,1,1,1,3,3,3,3,5,5,8,8,9,9,10,10,9,9,9,8,9,9
21/04/2022 23:18:45,512958,1,1,1,1,1,1,1,1,10,10,1,1,10,10,10,10,10,10,10,10,10,10,1,1
24/03/2022 20:11:29,512959,1,1,1,1,1,1,1,1,1,1,1,3,4,4,6,6,10,10,8,8,7,7,1,1
24/03/2022 16:11:41,512960,1,1,1,1,3,3,10,10,10,10,10,10,4,4,4,4,4,4,4,4,2,2,2,2
24/03/2022 15:40:20,512965,1,1,1,1,1,1,4,4,5,6,6,7,9,10,6,6,2,2,1,1,1,1,1,1
09/04/2022 16:46:22,512969,4,4,4,4,4,4,6,6,6,6,8,8,8,8,8,8,8,10,10,10,10,10,10,10
25/03/2022 13:46:24,512972,1,1,1,1,3,4,7,8,7,9,7,10,7,10,7,10,6,8,5,7,4,5,3,4
26/03/2022 14:52:35,512974,10,10,10,10,10,10,10,10,6,6,6,6,1,1,1,1,1,1,1,1,1,1,1,1
24/03/2022 16:35:49,512980,1,1,1,1,1,1,1,1,1,1,1,1,5,5,10,10,10,10,6,6,1,1,1,1
24/03/2022 22:14:43,513023,1,10,1,10,1,10,1,10,1,10,1,1,1,10,1,10,1,10,1,10,1,1,1,1
25/04/2022 09:09:42,513025,8,4,8,4,8,4,8,3,8,4,8,4,8,4,8,4,8,3,8,4,8,4,8,4
28/03/2022 02:13:49,513047,1,1,1,1,1,1,1,1,1,1,1,3,7,10,5,10,5,10,4,9,1,1,1,1
24/03/2022 16:18:02,513157,1,1,2,3,7,8,9,9,10,10,9,9,8,8,5,5,4,4,3,3,2,2,1,1
24/03/2022 17:58:44,513158,1,1,1,1,10,10,10,10,10,10,1,1,1,1,1,1,10,10,10,10,10,10,1,1
24/03/2022 16:05:24,513162,10,10,8,8,5,5,2,2,1,1,1,1,1,1,1,1,1,1,1,1,1,1,1,1
21/04/2022 22:23:31,513232,2,1,1,1,2,2,2,2,10,10,10,10,8,8,1,1,1,1,1,1,1,1,1,1
25/03/2022 10:58:44,513267,10,10,9,9,8,8,7,7,6,6,5,5,4,4,3,3,2,2,1,1,1,1,1,1
24/03/2022 19:46:24,513447,1,1,1,1,1,1,1,1,1,1,1,1,10,10,9,9,8,8,7,7,1,1,1,1
24/03/2022 16:35:32,513449,1,1,1,1,5,5,5,5,5,5,10,10,10,10,7,7,7,7,7,7,1,1,1,1
25/03/2022 10:11:49,513455,4,4,4,4,4,4,8,8,8,8,8,8,6,6,3,3,3,3,3,3,1,1,1,1
23/04/2022 18:10:14,513457,1,1,1,1,1,1,1,1,1,1,1,1,1,1,1,1,2,3,5,6,8,9,9,10
30/03/2022 14:26:39,513467,6,10,6,10,6,10,6,10,6,10,6,10,1,1,1,1,1,1,1,1,1,1,1,1
28/03/2022 17:50:53,513477,1,1,1,1,1,1,1,1,1,1,1,1,1,1,1,1,1,8,10,10,10,10,10,8
22/04/2022 07:50:48,513482,10,10,10,10,10,10,10,10,10,10,10,10,10,10,10,10,10,10,10,10,1,1,1,1
24/03/2022 16:07:54,513484,1,1,1,1,3,3,3,5,5,5,8,8,10,10,10,10,5,5,1,1,1,1,1,1
24/03/2022 16:35:01,513575,5,5,7,7,10,10,10,10,9,9,8,8,1,1,1,1,1,1,1,1,1,1,1,1
24/03/2022 16:06:09,513576,1,1,1,1,1,1,1,1,1,7,10,10,10,10,6,7,1,1,1,1,1,1,1,1
25/03/2022 09:45:26,513579,1,1,1,1,1,1,1,1,10,1,1,1,10,4,10,10,10,10,10,10,10,10,10,10
24/03/2022 16:08:10,513600,1,1,1,1,10,10,10,10,10,10,1,1,1,1,1,1,1,1,1,1,1,1,1,1
28/03/2022 10:25:42,513655,1,1,1,1,1,1,1,1,1,1,10,10,10,10,10,10,10,10,1,1,1,1,1,1
24/03/2022 20:34:48,513769,1,1,1,1,1,1,9,9,10,10,10,10,9,9,1,1,1,1,1,1,1,1,1,1
24/03/2022 16:43:55,513806,1,1,1,1,1,3,3,6,3,10,3,10,3,8,3,6,3,6,1,4,1,4,1,4
24/03/2022 16:50:23,513809,1,1,1,1,1,1,1,1,1,1,1,1,7,8,7,10,7,8,1,1,1,1,1,1
24/03/2022 16:05:56,513879,5,5,10,10,10,10,10,10,10,10,6,6,1,1,1,1,1,1,1,1,1,1,1,1
25/03/2022 10:12:59,513936,8,10,8,10,8,10,8,10,8,10,8,10,9,10,9,10,3,3,3,3,3,3,3,3
24/03/2022 16:35:22,513979,1,1,1,4,9,9,10,10,10,10,3,1,1,1,1,1,1,1,1,1,1,1,1,1
24/03/2022 16:46:58,513984,10,10,1,1,1,1,1,1,1,1,1,1,10,10,1,1,1,1,1,1,1,1,1,1
05/04/2022 20:21:01,514026,1,1,1,1,1,1,1,1,1,1,1,1,10,10,10,10,10,1,1,1,1,1,1,1
24/03/2022 16:08:33,514042,10,2,10,2,10,2,10,2,10,2,10,2,10,2,10,2,10,2,10,2,10,2,10,2
28/03/2022 15:58:37,514067,1,1,1,1,1,2,2,2,2,1,1,2,1,1,1,10,1,1,1,1,1,1,1,1
24/03/2022 16:45:06,514072,1,1,1,1,1,1,1,1,3,3,4,4,7,7,8,8,9,9,8,8,3,3,3,3
24/03/2022 15:40:26,514087,1,1,1,1,1,1,1,2,1,10,10,10,1,1,1,1,1,1,1,1,1,1,1,1
27/03/2022 12:03:01,514088,1,1,1,1,1,1,1,1,3,3,10,10,9,9,5,5,1,1,1,1,1,1,1,1
24/03/2022 22:41:28,514146,2,2,2,2,2,2,2,2,4,6,6,10,6,10,6,10,6,10,1,1,1,1,6,10
28/03/2022 12:35:21,514169,10,10,10,10,10,10,10,10,10,10,1,1,1,1,1,1,1,1,1,1,1,1,1,1
24/03/2022 21:30:21,514171,1,1,1,1,1,2,2,3,4,4,10,10,10,10,10,10,5,5,3,3,1,1,1,1
24/03/2022 17:30:29,514173,10,10,10,10,10,10,10,10,10,10,1,1,4,4,4,4,4,4,1,1,1,1,1,1
27/03/2022 11:47:16,514174,1,1,1,1,3,5,4,5,10,10,1,1,1,1,1,1,1,1,1,1,1,1,1,1
24/03/2022 16:41:11,514175,1,1,1,1,1,1,1,1,1,1,2,2,10,10,5,5,3,3,1,1,1,1,1,1
30/03/2022 14:54:09,514238,1,1,1,1,10,10,10,10,1,1,1,1,1,1,1,1,5,5,5,5,1,1,1,1
26/03/2022 10:22:13,514246,1,1,1,1,5,2,8,1,6,2,9,4,3,1,3,1,2,1,1,1,1,1,1,1
22/04/2022 00:44:15,514283,1,1,1,1,4,6,10,9,10,8,5,3,1,1,1,1,1,1,1,1,1,1,1,1
25/03/2022 03:58:00,514345,4,4,6,6,7,8,7,8,7,8,7,8,1,1,1,1,1,1,1,1,1,1,1,1
29/03/2022 20:24:11,514348,8,10,7,9,6,8,5,7,4,6,3,5,2,4,1,1,1,1,1,1,1,1,1,1
24/03/2022 16:16:59,514349,1,1,1,1,1,1,1,1,1,1,1,1,5,5,8,8,10,10,10,10,1,1,1,1
25/04/2022 18:35:09,514352,1,1,1,1,1,1,1,1,1,1,5,5,5,5,5,6,7,7,10,10,10,10,10,10
24/03/2022 16:06:18,514365,1,1,1,1,1,1,1,1,10,10,10,10,8,8,5,5,1,1,1,1,1,1,1,1
25/03/2022 21:50:46,514375,1,1,1,1,1,1,1,1,1,1,2,2,3,3,5,5,8,8,9,9,10,10,10,10
24/03/2022 17:50:35,514411,1,1,1,1,1,1,1,1,3,3,5,5,10,10,10,10,10,10,4,4,3,3,2,2
24/03/2022 17:41:33,514412,6,8,1,1,8,8,10,10,10,9,5,7,1,1,1,1,1,1,1,1,1,1,1,1
08/04/2022 11:41:39,514418,1,1,1,1,1,1,5,5,7,7,8,8,9,9,9,2,3,3,3,3,2,2,1,1
20/04/2022 22:29:08,514503,1,1,1,1,1,1,1,1,1,1,1,1,10,10,10,10,5,5,1,1,1,1,1,1
30/03/2022 13:22:24,514564,1,1,2,1,1,1,1,1,10,10,10,10,10,10,10,10,1,1,1,1,1,1,1,1
02/04/2022 16:38:17,514575,1,1,1,1,1,1,10,10,10,10,10,10,1,1,1,1,1,1,1,1,1,1,1,1
25/03/2022 22:12:52,514682,1,1,2,1,2,1,2,1,10,1,10,1,10,1,10,1,6,1,6,1,4,1,4,1
24/03/2022 16:08:48,514686,4,6,8,9,8,9,10,10,10,10,5,5,1,1,1,1,1,1,1,1,1,1,1,1
24/03/2022 16:14:52,515093,10,6,10,6,1,1,1,1,1,1,1,1,1,1,1,1,1,1,1,1,6,6,8,8
24/03/2022 16:44:27,515390,1,1,1,1,1,1,1,1,1,1,1,1,10,10,8,8,4,4,1,1,1,1,1,1
24/03/2022 16:08:49,516254,1,1,1,1,1,1,1,1,1,1,5,7,5,10,6,10,1,1,1,1,1,1,1,1
27/03/2022 10:16:07,517455,1,1,1,1,1,1,1,1,1,1,1,1,1,1,1,1,3,3,6,6,10,10,10,10
24/04/2022 01:44:30,521665,1,1,1,1,8,8,10,10,6,1,1,1,1,1,1,1,1,1,1,1,1,1,1,1
26/03/2022 12:37:48,521668,1,1,1,1,1,1,1,1,1,1,5,5,10,10,10,10,10,10,10,10,10,10,1,1
27/03/2022 21:51:59,521670,6,6,6,6,6,6,6,6,10,10,10,10,7,7,7,7,4,4,1,1,1,1,1,1
26/03/2022 16:02:23,521671,1,2,1,2,1,7,1,8,2,9,1,4,1,4,1,3,1,2,1,1,1,1,1,1
24/03/2022 16:29:26,523662,1,10,5,6,5,6,5,7,9,10,1,1,4,6,5,6,5,6,5,6,5,6,1,1
24/03/2022 16:35:21,523779,10,10,10,9,7,6,3,1,1,1,1,1,1,1,1,1,1,1,1,1,1,1,1,1
25/03/2022 14:52:14,523839,1,1,1,1,10,10,10,8,7,6,5,5,4,4,4,4,4,4,4,4,1,1,1,1
24/03/2022 18:58:39,524191,1,1,1,1,1,1,1,1,1,1,10,10,10,10,10,10,10,10,10,10,10,10,10,10
04/04/2022 20:50:47,525776,1,1,1,1,1,1,1,1,1,10,1,10,1,10,10,10,10,10,10,10,10,10,10,10
24/03/2022 17:32:39,527675,10,10,10,10,10,10,1,1,1,1,1,1,1,1,1,1,1,1,1,1,1,2,1,1
24/03/2022 16:19:53,529558,2,2,2,2,9,10,10,10,10,1,1,1,1,1,1,1,1,1,1,1,1,1,1,1
30/03/2022 16:09:34,529624,9,2,8,3,6,5,7,5,7,4,1,10,10,1,10,1,7,5,6,6,1,1,1,1
29/03/2022 20:01:52,530077,1,1,10,10,10,10,3,3,2,1,1,1,1,1,1,1,1,1,1,1,1,1,1,1
25/03/2022 10:18:12,530176,1,1,1,2,2,3,3,4,5,9,7,1,1,1,1,4,5,8,2,3,1,1,1,1
20/04/2022 09:08:49,530406,1,2,1,2,1,3,2,6,3,7,3,8,3,9,4,9,5,10,6,10,1,1,1,1
25/03/2022 19:21:14,530434,1,1,1,1,3,3,10,5,10,5,10,5,1,1,1,1,1,1,1,1,1,1,1,1
24/03/2022 21:17:40,530533,8,7,10,9,7,6,6,5,5,5,2,2,2,2,2,2,2,2,2,2,2,2,2,2
24/03/2022 16:09:33,531034,7,3,7,3,7,3,7,3,7,3,7,3,7,3,7,3,7,3,7,3,7,3,7,3
22/04/2022 10:43:28,531041,1,1,1,1,4,5,8,10,7,7,5,6,4,5,3,5,3,3,3,3,1,1,1,1
24/03/2022 16:05:01,531994,10,10,10,10,10,10,10,10,10,10,10,10,8,8,5,1,1,1,1,1,1,1,1,1
26/03/2022 17:42:10,532686,1,1,1,1,1,1,7,7,10,10,10,10,9,9,3,3,2,2,1,1,1,1,1,1
12/04/2022 22:37:09,532844,10,10,10,10,10,10,10,10,10,10,10,10,10,10,10,10,10,10,10,10,10,10,10,10
24/03/2022 16:25:44,532877,1,1,1,1,1,1,10,5,10,5,10,6,1,10,7,4,6,3,5,3,1,1,1,1
31/03/2022 02:03:32,533266,10,10,9,9,8,8,7,7,6,6,5,5,4,4,3,3,2,2,1,1,1,1,1,1
21/04/2022 22:48:55,534793,3,3,3,3,10,10,10,10,10,10,10,10,10,10,10,10,10,10,10,10,10,10,10,10
24/03/2022 17:43:43,535552,1,1,1,2,2,2,8,8,10,10,10,10,8,8,1,1,1,1,1,1,1,1,1,1
01/04/2022 10:56:49,536332,1,1,1,1,1,1,1,1,1,1,1,5,5,8,10,10,10,10,10,10,5,5,4,4
22/04/2022 13:10:43,538368,1,1,1,1,1,1,3,3,10,10,10,10,3,3,1,1,1,1,1,1,1,1,1,1
25/04/2022 17:16:16,538577,1,1,1,1,1,1,1,1,1,1,1,1,1,1,1,1,1,1,8,8,10,10,10,10
20/04/2022 09:38:48,539160,5,5,5,5,10,10,10,10,10,10,10,10,1,1,1,1,1,1,1,1,1,1,1,1
28/03/2022 18:17:46,539161,1,1,1,1,8,9,10,9,5,5,5,5,2,2,1,1,1,1,1,1,1,1,1,1
24/03/2022 16:55:01,539162,10,10,10,10,5,4,2,2,2,2,2,2,2,1,1,1,1,1,1,1,1,1,1,1
27/03/2022 22:30:01,539165,8,10,8,10,8,10,8,10,8,10,1,1,8,10,8,10,8,10,8,10,1,1,1,1
24/03/2022 16:07:13,539166,1,1,1,1,1,1,1,1,1,1,1,1,1,1,1,1,4,4,9,10,10,9,8,8
27/03/2022 22:18:11,539167,9,9,10,10,9,9,7,7,7,7,6,6,1,1,1,1,1,1,1,1,1,1,1,1
24/03/2022 16:17:16,539169,1,1,1,1,1,1,1,1,1,8,1,8,1,1,1,8,1,8,1,8,1,8,1,8
24/03/2022 16:06:32,539172,1,3,1,6,1,7,1,8,1,9,1,10,1,1,1,1,1,1,1,1,1,1,1,1
24/03/2022 16:48:54,539180,1,1,1,1,1,1,6,6,10,10,6,6,3,3,3,3,1,1,1,1,1,1,1,1
04/04/2022 15:33:35,539182,1,1,1,1,1,1,1,1,1,1,1,1,1,1,1,1,5,5,7,7,9,9,10,10
21/04/2022 21:32:31,539183,1,1,1,1,1,1,1,1,1,1,7,8,5,8,1,1,3,3,1,1,1,1,1,1
24/03/2022 16:44:45,539190,1,2,4,6,10,10,10,10,10,10,8,8,7,6,6,4,4,4,4,2,2,1,1,1
25/03/2022 11:11:07,539222,1,1,1,1,10,10,10,10,8,8,1,1,1,1,1,1,1,1,1,1,1,1,1,1
23/04/2022 13:37:33,539282,5,5,5,5,5,5,5,5,7,10,7,10,1,1,1,1,1,1,1,1,1,1,1,1
30/03/2022 13:17:08,539285,1,1,1,1,1,1,1,1,1,1,10,8,8,8,10,4,4,4,4,1,1,1,1,1
24/03/2022 16:21:37,539286,1,1,1,1,1,1,1,1,8,10,10,10,5,5,3,3,3,3,3,3,1,1,1,1
28/03/2022 14:42:53,539289,1,1,2,1,1,1,1,2,3,3,3,3,5,5,8,9,10,9,8,7,7,7,7,5
27/03/2022 08:20:56,539291,1,1,1,1,1,1,4,10,7,10,7,10,3,3,2,2,1,1,1,1,1,1,1,1
28/03/2022 14:40:36,539294,1,1,1,1,1,1,1,1,1,1,1,1,10,10,10,10,10,10,10,10,10,10,5,5
24/03/2022 16:55:44,539297,1,1,2,3,5,10,7,10,6,10,2,3,1,1,1,1,1,1,1,1,1,1,1,1
27/03/2022 22:44:37,539321,1,1,1,1,1,1,2,5,1,6,1,1,1,1,1,1,1,6,1,8,5,10,5,10
20/04/2022 08:06:41,539334,8,8,5,9,6,8,4,5,4,4,4,3,3,3,4,4,3,3,3,3,3,3,1,1
24/03/2022 17:48:01,539381,6,1,10,9,10,9,10,9,7,7,1,1,1,1,1,1,1,1,1,1,1,1,1,1
27/03/2022 13:12:14,539382,1,1,2,2,2,2,4,4,6,6,9,9,10,10,7,7,5,5,3,3,2,2,1,1
24/03/2022 16:37:06,539440,3,3,10,10,10,10,10,10,10,10,10,10,1,1,1,1,1,1,1,1,1,1,1,1
28/03/2022 01:26:41,539442,1,1,1,1,3,3,10,10,4,4,1,1,1,1,1,1,1,1,1,1,1,1,1,1
20/04/2022 08:28:39,539443,10,1,8,2,10,2,10,1,10,1,10,1,10,1,10,1,10,1,10,1,10,1,10,1
24/03/2022 19:00:15,539445,1,1,1,1,1,1,1,1,1,1,1,1,10,10,10,10,10,10,10,10,1,1,1,1
24/03/2022 16:19:52,539447,1,1,4,4,10,10,10,10,10,10,5,5,1,1,1,1,1,1,1,1,1,1,1,1
28/03/2022 13:05:32,539448,1,1,1,1,8,8,10,10,7,7,1,1,1,1,1,1,1,1,1,1,1,1,1,1
24/03/2022 16:34:55,539449,1,1,1,1,1,1,1,1,1,1,1,1,5,5,5,5,10,10,10,10,1,1,1,1
28/03/2022 10:08:40,539450,2,2,1,2,2,2,2,2,7,5,5,5,8,5,8,5,8,5,7,5,7,5,7,5
24/03/2022 17:30:32,539509,1,1,2,2,2,3,3,4,5,10,8,10,8,10,7,10,4,6,3,4,1,1,1,1
25/03/2022 13:35:45,539528,10,10,10,10,10,10,10,10,10,10,10,10,10,10,10,10,10,10,10,10,10,10,10,10
24/03/2022 16:50:38,539531,1,1,1,1,1,1,5,5,10,10,10,10,9,9,8,8,5,5,1,1,1,1,1,1
27/03/2022 19:32:24,539534,1,1,2,3,3,5,4,6,5,7,7,9,8,10,8,10,7,8,1,1,1,1,1,1
26/03/2022 17:40:49,539541,1,1,1,1,9,7,10,7,10,1,5,5,9,7,9,7,9,7,1,1,1,1,1,1
24/03/2022 16:10:46,539562,5,6,9,10,8,8,6,6,4,4,1,1,1,1,1,1,1,1,1,1,1,1,1,1
24/03/2022 16:08:14,539563,4,4,4,5,5,5,10,10,10,10,10,10,10,10,10,10,1,1,1,1,1,1,1,1
28/03/2022 22:04:59,539573,1,4,10,4,10,4,10,6,8,1,2,2,4,4,3,2,3,2,2,1,1,1,1,1
24/04/2022 19:57:12,539577,1,1,2,3,3,3,5,5,10,9,3,3,4,5,5,5,5,5,4,4,1,1,1,1
24/03/2022 18:18:44,539586,2,2,2,2,5,6,6,7,7,8,6,6,6,6,4,5,4,4,3,3,2,3,2,2
24/03/2022 22:46:59,539615,1,1,1,1,10,10,10,10,10,10,1,1,1,1,1,1,1,1,1,1,1,1,1,1
24/03/2022 16:26:49,539618,8,8,10,10,6,6,4,4,1,1,1,1,1,1,1,1,1,1,1,1,1,1,1,1
21/04/2022 21:36:40,539648,10,10,10,10,1,1,1,1,1,1,1,1,1,1,1,1,1,1,1,1,1,1,1,1
24/03/2022 16:10:44,539794,1,1,1,1,1,1,1,1,1,1,1,1,2,3,3,4,6,8,8,10,8,10,8,10
02/04/2022 09:16:16,539798,1,1,1,1,1,1,1,1,6,10,6,10,1,1,1,1,1,1,1,1,1,1,1,1
25/03/2022 17:25:38,539799,1,1,1,1,1,1,1,1,2,1,2,1,7,6,8,7,9,8,10,8,8,6,2,1
24/03/2022 16:09:23,539806,8,8,10,10,10,10,10,10,8,5,5,5,1,1,1,1,1,1,1,1,1,1,1,1
25/03/2022 12:50:44,539807,1,1,4,4,7,7,10,10,10,10,10,10,8,8,1,1,1,1,1,1,1,1,1,1
26/03/2022 18:03:53,539814,1,1,1,1,1,1,1,1,7,2,7,7,7,9,7,9,7,9,7,9,7,9,7,9
24/03/2022 22:18:16,539821,5,10,5,10,5,10,5,10,3,3,3,3,2,2,2,2,2,2,2,2,1,1,1,1
24/03/2022 17:43:47,539823,1,1,1,1,1,1,1,1,1,1,1,1,10,10,4,4,1,1,1,1,1,1,1,1
24/03/2022 17:59:14,539825,10,10,10,10,10,10,5,5,1,1,1,1,1,1,1,1,1,1,1,1,1,1,1,1
30/03/2022 13:16:41,539826,3,3,3,3,5,5,6,6,9,9,9,9,9,9,9,9,9,10,1,1,1,1,1,1
30/03/2022 13:20:04,539828,8,8,7,7,6,6,5,5,4,4,3,3,2,2,2,2,1,1,1,1,1,1,1,1
24/03/2022 18:54:56,539829,8,10,7,10,7,10,7,10,7,10,8,10,3,7,3,7,2,7,2,7,3,7,3,7
30/03/2022 13:18:58,539837,1,10,1,10,1,10,1,10,1,10,1,1,1,1,1,1,1,1,1,1,1,1,1,1
28/03/2022 13:12:00,539838,1,1,1,1,10,10,10,10,10,10,1,1,1,1,1,1,1,1,1,1,1,1,1,1
30/03/2022 14:58:06,539871,1,1,1,1,2,3,4,5,2,7,8,8,9,10,6,6,3,3,1,1,1,1,1,1
24/03/2022 16:07:16,539933,2,2,2,2,8,8,10,10,10,10,10,10,10,10,1,1,1,1,1,1,1,1,1,1
25/03/2022 19:21:52,540034,2,4,3,4,10,10,9,9,8,8,5,5,4,4,2,2,1,1,1,1,1,1,1,1
24/03/2022 16:03:14,540055,10,10,10,10,10,10,10,10,10,10,10,10,1,1,1,1,1,1,1,1,1,1,1,1
25/03/2022 19:45:42,540062,10,10,10,10,10,10,10,10,10,10,1,1,1,1,1,1,1,1,1,1,1,1,1,1
05/04/2022 09:35:14,540064,6,6,10,7,10,8,7,6,5,4,1,1,1,1,1,1,1,1,1,1,1,1,1,1
06/04/2022 12:39:08,540066,6,5,7,6,8,7,10,10,10,10,1,1,6,5,5,4,4,3,3,2,1,1,1,1
05/04/2022 17:32:36,540067,10,10,10,10,10,10,10,10,10,10,10,10,1,1,1,1,1,1,1,1,1,1,1,1
26/03/2022 21:19:25,540072,1,1,1,1,1,1,1,10,10,10,10,10,10,10,10,10,10,10,10,10,10,10,5,4
02/04/2022 10:32:33,540074,1,1,1,1,2,2,3,3,3,4,4,5,8,8,8,9,9,9,9,9,5,8,6,6
27/03/2022 12:08:41,540076,1,2,2,2,2,2,8,10,8,10,8,10,8,10,8,10,8,10,8,10,1,1,1,1
01/04/2022 18:10:19,540077,1,1,10,10,10,10,7,7,2,1,1,1,1,1,1,1,1,1,1,1,1,1,1,1
29/03/2022 20:12:21,540080,5,5,6,6,10,10,10,5,5,7,1,1,9,9,9,9,9,9,9,5,6,6,1,1
21/04/2022 21:28:42,540082,4,4,6,6,7,7,10,10,10,10,4,2,8,8,8,8,6,6,2,2,2,2,2,2
24/03/2022 16:45:58,540085,10,10,10,10,10,10,1,1,1,1,1,1,1,1,1,1,1,1,1,1,1,1,1,1
24/04/2022 23:41:01,540087,1,1,1,1,1,1,3,3,5,5,10,10,10,10,10,10,3,3,1,1,1,1,1,1
24/03/2022 16:08:37,540089,2,5,3,5,4,5,4,5,4,8,4,8,4,8,4,8,6,8,6,8,6,8,6,8
21/04/2022 21:26:56,540166,1,1,1,1,1,1,1,1,1,10,10,10,10,10,10,10,6,6,6,6,6,6,6,6
04/04/2022 10:37:30,540167,1,1,1,1,1,1,1,5,5,5,5,5,5,5,5,5,5,5,5,5,5,5,5,5
24/03/2022 16:35:13,540168,1,1,1,1,1,1,1,1,3,3,9,10,8,9,5,5,3,3,1,1,1,1,1,1
27/03/2022 14:12:59,540169,5,10,5,10,5,10,5,10,4,9,4,9,4,9,4,10,4,10,4,10,4,10,4,10
24/03/2022 16:09:20,540174,1,1,5,3,10,7,10,7,5,3,1,1,1,1,1,1,1,1,1,1,1,1,1,1
25/03/2022 17:12:39,540186,1,1,1,1,1,1,1,1,1,1,1,2,8,9,10,10,10,10,10,10,1,1,1,1
25/04/2022 10:46:46,540241,1,1,1,1,10,10,10,10,8,8,1,1,1,1,1,1,1,1,1,1,1,1,1,1
04/04/2022 17:07:47,540247,1,1,1,1,3,3,3,3,4,5,5,5,5,5,5,5,8,8,8,8,1,1,1,1
24/03/2022 16:55:30,540248,1,1,1,1,3,3,6,6,8,8,10,9,8,7,7,7,1,1,1,1,5,5,4,4
28/03/2022 20:32:38,540250,3,3,3,3,3,3,3,3,10,10,10,10,7,7,1,1,1,1,2,2,1,1,1,1
25/03/2022 12:32:55,540251,1,1,1,1,1,1,1,1,1,1,3,3,5,5,6,6,10,10,10,10,10,10,10,8
20/04/2022 19:53:43,540254,1,1,1,1,1,1,1,1,1,1,5,5,6,6,7,7,8,8,10,10,1,1,1,1
30/03/2022 13:14:04,540257,10,9,9,9,8,8,4,4,1,1,1,1,1,1,1,1,1,1,1,1,1,1,1,1
28/03/2022 10:45:10,540258,1,1,8,6,10,6,10,6,6,6,9,6,3,3,3,3,3,3,3,3,3,3,3,3
24/03/2022 17:42:30,540316,1,1,1,1,1,1,1,1,2,5,2,3,3,9,1,10,2,10,2,10,2,6,2,7
22/04/2022 11:41:02,540321,1,1,1,1,1,1,1,1,1,1,4,4,7,6,8,8,9,10,10,10,9,8,7,6
24/03/2022 21:08:41,540322,1,1,10,10,8,8,4,4,2,2,1,1,1,1,1,1,1,1,1,1,1,1,1,1
25/03/2022 14:58:51,540329,1,1,2,2,3,3,8,7,10,9,9,9,5,5,5,5,2,2,1,1,1,1,1,1
26/03/2022 14:21:51,540333,10,10,8,8,6,6,4,4,2,2,2,2,2,2,2,2,2,2,1,1,1,1,1,1
18/04/2022 11:17:02,540336,1,1,1,1,1,1,7,7,10,10,10,10,3,3,2,2,1,1,1,1,1,1,1,1
30/03/2022 13:17:22,540337,1,1,1,1,5,5,10,10,10,10,10,10,10,10,3,3,1,1,1,1,1,1,1,1
23/04/2022 23:12:38,540342,5,5,5,5,5,5,5,5,5,5,6,5,5,6,5,5,5,5,6,6,5,5,5,5
22/04/2022 04:49:02,540348,1,1,1,1,1,1,1,1,1,10,10,10,10,10,10,10,10,10,10,10,1,1,1,1
28/03/2022 12:38:22,540354,1,1,1,1,10,10,10,10,10,10,8,8,1,1,1,1,1,1,1,1,1,1,1,1
24/03/2022 16:31:24,540357,10,10,10,10,10,10,10,10,10,10,1,1,1,1,1,1,1,1,1,1,1,1,1,1
25/03/2022 10:17:08,540358,1,1,1,1,10,10,7,7,10,10,2,1,1,1,1,1,1,1,1,1,1,1,1,1
24/03/2022 16:04:04,540415,6,6,10,10,5,5,1,1,1,1,1,1,1,1,1,1,1,1,1,1,1,1,1,1
28/03/2022 18:48:18,540417,10,9,10,9,8,6,6,5,3,2,1,1,1,1,1,1,1,1,1,1,1,1,1,1
24/03/2022 23:24:50,540434,1,1,1,1,1,1,1,1,2,2,4,4,10,10,10,10,9,9,8,8,1,1,1,1
29/03/2022 03:03:25,540437,1,5,1,5,1,5,1,6,1,6,1,10,1,1,1,1,1,1,1,1,1,1,1,1
24/03/2022 17:51:45,540442,6,10,10,10,9,9,8,8,7,7,6,6,5,5,1,1,1,1,1,1,1,1,1,1
29/03/2022 10:26:18,540443,1,1,1,1,1,1,1,1,1,2,1,5,1,8,1,10,1,10,1,1,1,1,1,1
24/03/2022 16:40:03,540530,1,1,1,1,1,1,1,1,1,2,1,3,3,7,6,8,7,9,7,10,5,8,4,7
28/03/2022 09:55:42,540535,1,1,1,1,1,1,9,9,10,10,5,5,1,1,1,1,1,1,1,1,1,1,1,1
28/03/2022 14:36:02,540537,8,10,8,10,8,10,8,10,8,10,1,1,1,1,1,1,1,1,1,1,1,1,1,1
24/04/2022 10:46:56,540539,2,2,2,2,2,2,2,2,6,6,7,7,9,9,10,10,10,10,4,4,1,1,1,1
22/04/2022 07:42:01,540540,6,10,6,10,6,10,6,10,6,10,6,10,5,7,5,7,1,1,1,1,1,1,1,1
24/03/2022 16:03:37,540545,10,10,10,10,10,10,1,1,1,1,1,1,1,1,1,1,1,1,1,1,1,1,1,1
30/03/2022 13:20:30,540547,1,1,1,1,1,1,1,1,6,1,8,1,10,1,10,1,10,1,1,1,1,1,1,1
24/03/2022 16:08:11,540549,1,1,1,1,1,1,6,6,6,6,6,6,8,8,8,8,10,10,8,8,6,6,6,6
02/04/2022 18:25:08,540565,1,1,1,1,5,5,5,5,10,10,10,10,10,10,1,1,1,1,1,1,1,1,1,1
22/04/2022 01:17:00,540571,1,1,1,1,1,1,1,1,1,1,1,1,1,1,1,1,1,1,1,1,1,1,1,10
27/03/2022 23:35:38,540596,1,1,1,1,1,1,1,1,1,1,1,1,5,5,6,6,7,7,8,8,10,10,10,10
25/03/2022 21:06:17,540600,1,1,1,2,10,10,10,10,10,10,2,2,1,1,1,1,1,1,1,1,1,1,1,1
26/03/2022 09:57:16,540669,1,1,1,1,2,2,3,3,10,10,10,10,7,7,7,7,6,6,6,6,1,1,1,1
28/03/2022 20:43:40,540670,7,2,7,2,7,2,8,3,8,3,8,2,10,4,7,2,3,1,3,1,1,1,1,1
24/03/2022 17:35:21,540674,1,1,1,1,1,1,1,1,2,8,5,10,5,6,1,1,1,1,1,1,1,1,1,1
24/03/2022 16:03:18,540675,1,1,1,1,1,1,1,1,1,1,1,1,1,1,1,2,3,4,5,7,10,10,10,10
30/03/2022 14:46:30,540727,1,1,1,1,1,1,1,1,5,5,5,5,8,8,8,8,8,8,10,10,10,10,10,10
26/03/2022 20:05:44,540737,1,1,1,1,10,10,10,10,10,10,10,10,5,4,3,2,1,1,1,1,1,1,1,1
04/04/2022 13:11:55,540742,1,1,1,1,1,1,6,6,7,7,10,10,6,6,6,6,6,1,1,1,1,1,1,1
24/03/2022 23:36:01,540779,1,1,1,10,10,10,10,10,5,5,2,2,1,1,1,1,1,1,1,1,1,1,1,1
24/03/2022 17:51:03,540783,10,10,10,10,10,10,10,10,10,10,10,10,10,10,5,5,1,1,1,1,1,1,1,1
27/03/2022 14:51:35,540795,5,5,6,6,8,7,9,8,10,10,10,10,10,10,10,10,9,9,7,7,5,5,4,4
28/03/2022 18:07:53,540836,1,1,1,1,2,2,7,7,10,10,10,10,8,8,5,5,1,1,1,1,1,1,1,1
21/04/2022 21:28:25,540840,1,1,1,1,1,1,1,1,1,1,1,1,1,3,3,6,6,1,10,10,10,10,10,10
30/03/2022 13:20:33,540846,10,2,10,2,10,2,10,2,10,2,10,2,10,2,10,2,10,2,10,2,10,2,10,2
25/03/2022 20:58:35,540851,4,3,1,3,1,3,3,4,3,4,6,7,7,8,7,8,8,9,8,9,9,10,9,10
25/03/2022 09:10:39,540995,10,10,10,10,8,8,5,5,2,2,1,1,1,1,1,1,1,1,1,1,1,1,1,1
26/03/2022 15:08:25,543802,1,1,1,1,1,1,1,1,1,1,3,3,10,10,1,1,1,1,1,1,1,1,1,1
24/03/2022 16:07:17,543935,1,1,1,1,1,1,1,1,1,1,6,6,10,10,6,6,5,5,4,4,3,3,2,2
12/04/2022 09:36:01,543938,1,1,1,1,3,5,4,6,4,7,4,10,4,8,3,6,3,5,1,1,1,1,1,1
25/03/2022 09:50:46,544129,1,1,1,1,1,1,1,1,1,1,1,1,1,2,3,4,8,7,8,8,10,10,10,10
25/03/2022 09:29:13,544250,5,5,7,7,9,8,8,8,7,7,1,1,5,4,5,5,5,5,1,2,2,2,1,1
27/03/2022 14:40:54,544825,1,1,1,1,1,1,1,1,1,1,1,1,10,10,10,10,10,10,10,10,10,10,1,1
30/03/2022 18:12:29,546864,1,1,1,10,1,10,1,10,1,10,1,10,1,10,1,1,1,1,1,1,1,1,1,1
23/04/2022 16:30:59,547804,1,1,1,1,1,1,1,1,1,1,10,10,10,10,1,1,10,10,1,1,1,1,1,1
26/03/2022 16:02:06,547834,1,1,1,1,1,1,1,1,1,5,8,5,10,6,10,6,10,6,9,5,7,3,5,2
04/04/2022 10:20:44,548097,1,1,1,1,1,1,1,1,1,1,1,1,1,1,10,10,10,10,1,1,1,1,1,1
29/03/2022 14:37:44,548933,1,1,1,1,1,1,1,1,1,1,1,1,10,10,3,3,3,3,1,1,1,1,1,1
24/03/2022 16:22:09,549238,10,4,10,4,10,2,10,2,10,2,10,2,10,2,10,2,10,2,10,2,9,2,9,2
25/03/2022 12:32:59,549414,3,3,3,3,3,3,3,3,3,3,3,3,5,5,6,6,8,8,3,3,4,4,3,3
24/03/2022 16:14:15,549556,1,1,1,1,7,7,10,10,10,10,7,7,1,1,1,1,1,1,1,1,1,1,1,1
30/03/2022 16:39:08,549614,1,1,1,1,1,1,1,1,1,1,7,6,5,7,6,8,7,9,9,8,9,8,7,7
24/03/2022 17:01:15,549769,1,1,1,1,9,10,9,10,9,10,9,10,7,7,6,6,9,6,6,6,6,6,6,6
24/03/2022 16:21:18,550739,1,1,1,1,1,1,1,1,4,5,10,8,7,6,1,1,1,1,1,1,1,1,1,1